001	https://lh3.googleusercontent.com/aida-public/AB6AXuBqy7n_ShRnP4DJqOwmdhBxRxK_s5d5Q4cAHccHqpC3IBlL-QAiOshDSi-bVp3q0dnd-y0InEB0AvKtcF5TGVDWjJL8OGSRYuljD-1DV9u-xxFz7LnOKmnMuv2LCo--t0kXHQeD0c9d3HhOGu07oIXM1txZSOmPjUX-QsR__al3QyInzIIg9XuGZGvN8S9V4wILaSDLyKKD8LMlzvMc6alHaKZU8CmFqL02bUGgFFE	images/001-91e2e81259d4.jpg
002	https://lh3.googleusercontent.com/aida-public/AB6AXuC9RbHMYmWY2E0PPjxKu__8tFUvo9C8mO4WhqUTIMvCCPAMusF0XAnv703DiibfT8edPFX1KNMiwAUP13C1ShGxHK4kB3dJRFm416KQmvhPrZdmm_EGUKvU7LwfS2HCxpXL9-TIIy1vW23YIJ2SKq8Gtt9snO110a5RSJLjmS95Y6T4YeLKTHfqQoRH4yqKeTYyL2rR9A1hFGJ6HLHZqn60KhOF_runD4CWXMq56UY	images/002-4af35b56ccab.jpg
003	https://lh3.googleusercontent.com/aida-public/AB6AXuAc8Dz7rzHI75rIYXzpiZ_5x3Ap84x8hutE5TjULXHEqFzZeM4mjptA_ngghZ-r-GF3O9yP12kpqPeFPRftqpvnfsISlYaXGTaxBcn3eynzE_vuguM9LDYQMJMV_pJyveyEp_Y_IQh57NlimXTRR2Lpt4KErZVXSbZNrVD8bb5tFu5bubvS78MSb4vjwW39pghrIQovPPGUdAjOeytQ0ObS8AZlj5Rkjv_EtYobUOo	images/003-00a47b3429cf.jpg
004	https://lh3.googleusercontent.com/aida-public/AB6AXuC-pRX8nL2Ha7o6evdzyyd8035s5xomepOLlJePri2xnThnbT4DBrR-9jl6zWWINlsU2oR9_8RszXwWm_kHWU0UJE6Uu7TdfUVEJlWtVZm1lb2rZ4ZPtYXKFjGURtJT_X9QuWqaTSNtG2BUamxPJ3s85N_c4oFg_P8QTXKbmyuBrlSfyoOTyJnNqY9pCsyocMIHi1C02t3uhbOUOaRhxQvppZJVLkUKuAIA9vpu9M4	images/004-4a8f370f880c.jpg
005	https://lh3.googleusercontent.com/aida-public/AB6AXuBBRcTNZlt5_21Hvu8v4pI1u9TQMeGNA0OQjgE4oSFi9qKRLnQe5th96Uq1-J3c2Z6rDht9ZGTXWn_y0MeFe3g-EhEySEhoImSJGB3mwnKhdJUr-WV_nnGLhmHgI8zLGwJs4nl3EHxDe8gEdsN7hO0j9XwnNyO2LrVDyCg0F7cueLbzLD4iggsC2sd-OuaXyI_3YmFsdMCnZIFedOTEbZLxPFw5Eg3Voc8Cx-XpMhc	images/005-dd14ede5c27c.jpg
006	https://lh3.googleusercontent.com/aida-public/AB6AXuAoAeEICsnJKoTtfpiu3g2TSCkfYQ2lh-RpgvY2Oi-h4fLa9om9AjWjfDUlJNl5U_Kq-hJiWkj7m4l6WQjjtDmKXC5CC5I5uShqJ1G30noj3cpCsFu5oDNRxqWo56iU_EjETnaRN2AebecK1iNx5NmYkM07fkxQzfpu7FbJlUTkm2LY-QF8tJiV5p81Gt8PHGKtE7xo1NViFCKeFmd6PVQTw4S0rkNtMkCuAEismCw	images/006-b6504ac86213.jpg
007	https://lh3.googleusercontent.com/aida-public/AB6AXuCiuzeiSwEnl6HfknsR9viDbLDNJFYWD8qj_zd-h9-vzkHkRuKXPjAEoegEyEauMRquXsPVj-T8GpqopVqsxvjCB5eYQxwHvtzdICQAgxvZ53nYNd9tXHdA_qGyjRwA34Fm3-0cQpMjqb9EirGzKmHK6h4URNsa5yfPbmRIbKzpc6eTYnd36Fw0Etl16KSa8vXPGSg6TJucNzZBU-6bYkXV-nD5H7dxaEZqGmRGD2I	images/007-85ae6c87ca43.jpg
008	https://lh3.googleusercontent.com/aida-public/AB6AXuDCKAw9S7n7oy53C5EjHQ028Jnm5WwjEUPk98brigvpr84_-rfxQP5_NDtcqqA3-TG2jrfykbqTBcuNU-9P6UhFYRF1cfbH8Adlj5tMb51aloxdiP6L9tw5VNheWK6EfGNhakgMldNpVuRBLrDPekJ66HMQ1vq2XBZUIbd_6whBQv2YyE-Y_mwacLMNrJj_6FVrhQ_0kz5atlEXMxgSkx-yhKAWxsIdU2j5NV5sxt0	images/008-09565b0ba8e2.jpg
009	https://lh3.googleusercontent.com/aida-public/AB6AXuAFpGXvONLgNqh4EX06fElc7aJ6R4nW8xVu2_F1rK4qN_prbMHQSnZTe4NypuYOnKOTA6CAvdK4qNsSKLYwbC4R-NVtG--GvpwNPc6M3hldxCMohB5vZBmSVquytvnyvPzlAxfeen0pGVoS82usa4qGNrnC6iJH8FS-uoRiHDiaPi2Sb_O7d00R1MZ6OviB7cBJeJkfMItrMqKQCb4YUbaLMWWkvocCZINyKFUI0xo	images/009-e2a8bdba2039.jpg
010	https://lh3.googleusercontent.com/aida-public/AB6AXuAwBC6sslXI0XN5Qf-vIh0_dr8ut_3nsaVJLvJ9zte5fjipIsa4VY_UVOGr6hI9CzhAElpgay95ETmyUZKe-5W8dBY8VBsEnRS2Hr4_KCxJe_tzBBJIoqNJTYJatXK3XBwFfWsk7CGC5wJSmYYCUJqpLSFirYuPyOobhqiDcujb3_IXYl-LsV6J-dzNkZFpLRkSpW_33Jf3vhEbN_rWDx8ylGXdtuC1ajdfFzk-BUE	images/010-cc33a8c3d9f1.jpg
011	https://lh3.googleusercontent.com/aida-public/AB6AXuBJzCJ_fGllwdTUQRSLFOEOp51L_8seegyvbdtp_9SwSz3OMYFvR-9qDQ5wRS0M5nVfclrfhrtC-1L1u3p4zgnM0EHy-II8W9ifllRPdXDjTY049mgsrfxS98yuLFnJLfr-SI7XbAlc-pW8wqhX_v9zHJXqHhx4awmV4D8LojFGhYfnV_qez8kSInLDutkOcExA2h5C4eNOqUojulD3OAb4Cq1eblRDbH3R7zL3q_4	images/011-0d604b6425cd.jpg
012	https://lh3.googleusercontent.com/aida-public/AB6AXuCWb_RH1oryjUcZ3SOHbk_amD0XNnCuyKiaUdmKNXCH4LXkrkdaQnxDsElqVl2LRen2iRNxt0Xv4urb9E6oUrzqGA02UpJyGPr7cnFvEiIA4BF0ENpZy1EFRmpxBSPrcWzpIcr1Eg43ytrq0GN7L9tXxYxTaedoVVGifsZoSwZYdadOX_A4N9KcCZUdZ3MeuosdEMGZlz94vRl9IxHYy3L0hOhJK8tAvqK5E_g9Je0	images/012-f34c04846fb5.jpg
013	https://lh3.googleusercontent.com/aida-public/AB6AXuDRG7KNaqUe3TEKnpeQN1FHbGkarMpsNEhKuqKS0H3Ny9_yxkVDrE4iGCVbl4DhV5F52VXcNbv7TNNPzLh7BF7sNjUH_gB9eVoXHVIn6YMj9fZIe05AVgY_Ab4u05QmDmpEbvLYvPm6xd_0pXkPmJrjO5m8eiESjLl9F2EVQTE5OS5Cw1Rsk54fUR5yu0-aaY4JIbljn2lZisB2CRS6UemDrRLVhzNFyq7sQRIclt0	images/013-54fd713aba8a.jpg
014	https://lh3.googleusercontent.com/aida-public/AB6AXuDSlzYrHx2xEQmTSac-xuVgHPI21NYCsiFLisfoM3tbXZY8n7UEG9QN8Ioj8q5SqAXhifbwx_ZQjPF-eXcCndKGZfR0oOO-SpLhnJvWn3IjrRsSgxiRz-b9_Z9-GKKg9aJix-ChShTtFqzASP5iA6qT9_oCqGUiLUPlfn6FMNXFPNNgFuSlL0tnh4a6-pksGvZv1FHsBzKWARe9QHnzPG-48ubRLOsjoGqxDh4cWtU	images/014-9e3291e98b8e.jpg
015	https://lh3.googleusercontent.com/aida-public/AB6AXuAp3lmyZkoun7DKQeAracnHHHZ6duuD7pZ-jpTDUricMWt2b1HyDdtqRgMoZZDfAiVkVp2X1_MgVhG-Slrt6Zh7O36XL4AbbB6yKugNoBhS4QLUS0crqB7YoujXcLXg-m6L9Nn0GqEpfw115pibQM_gx4JKxxXwRwQYGDwDvoVYzXKgknFeQ8ga9-q10Ezrzt15r1q30a26RzM3jRnMxgcRpN0DoEVBx394E8gE-Vc	images/015-620ac21cbecc.jpg
016	https://lh3.googleusercontent.com/aida-public/AB6AXuDPilTgyoIIDWj750pmzzJScyWB33I7FAqNaGwR8y8cq7ZV59IVU_lS7Qci_Bd46f-fsTwk6my8i_aK0uT3JNwss0O_xEBJ718xcfxCFa2vj61d4DrQB2UQhqAxzS2k0aTnwhMZ_-pw04ZYl2ski-ek3BLRUnVFcJl7EIO2XDSzRBrtNpzStHYU2T1sM9d_7yhyqtF2OLmgx_Et4YXtg0HaCo8w36FSC2DfR_Rq6EU	images/016-683a6c784676.jpg
017	https://lh3.googleusercontent.com/aida-public/AB6AXuCgU3lphPFCmvtEEWOvxd0_KvF4kC5ah4uOHWHwOiDKzuBIK9_pDP1kCzlMiQ63tGkuSAVFr5oDty_Ivn-XA9orFkxVK9ZT1t_m5vIW0gw8wHwDANfO3wLBmau5GthhxE2haF02DK8N9oVWhcNSDVNnDtdjqRuWKmiBxhOkw-jpi3hnqE2XuDWe6_rKjGqxIcUTmO2cSqR7kGmvg5c0v5Is2rvIqlL_e0yV9ehJy5M	images/017-682437c77e96.jpg
018	https://lh3.googleusercontent.com/aida-public/AB6AXuBD7KBLR_iX4Wo-3A_7qX7XA3__B7lrz-FeIHMerFU0-l5MmtPgweXbVhiwT54CO0y6o_Aa0qBaG02Hqn_K32Ji0CQ1i5LYVN1DZtCoxZS64T2wjM0kB1EjGwVwvN5POnMZguz_CO54SkCFCC-uIOdhECtqVzOonCAPNloBsDyzTncyugJyJcpxym4o1LsGr4NGElMMy7EMDGObC_ePRLsowlea7nScdzi7wRPlMpo	images/018-8f2df4ffc237.jpg
019	https://lh3.googleusercontent.com/aida-public/AB6AXuB6ZPiIKMZJxeKaHlYBEMI3Vmm6esVxB6_THDRrBiwWjWrNb9ADlj5d59MCvheqepdx6cZI00pQMbRnO_euUG0PNzJNkAkguLUOuhZ2sF4jccC3HHgZFBvbimdlbpELE7P2J5Xi-XozX0KM04OqNw7qYqFZSipRyv9oilfB0qbB4iqLF4umPUDvik3k1gOwK7xpYzVAy5lQLBDR6_2ZLCC4YDNmO6BkvgrXDcjxPVY	images/019-c28c3c28eb61.jpg
020	https://lh3.googleusercontent.com/aida-public/AB6AXuCroMqgLCatas9MmU6mVwg6nKBDqnS4I5mH2BSScgXnbcqf_M326Y1mLPPtKsbTJS1dnlmrRWfGuTq78oLsO6KGeHN1qOrxFH3XpqqbInQ9rQBXZxo5QouJnuRQ0gpy-ZtxGRHB4VVFDtOUVygllUp8DoxGJPIvCEtxAp79Zc9OTrd02xpA0bPH-8pfj4kjPUq7QG-dCaPMeIMwNmOXzXa6QHDAPH1xrtrvpogNjkw	images/020-f15c5a87116e.jpg
021	https://lh3.googleusercontent.com/aida-public/AB6AXuCOnLfZ8n-ORKSTPTZJE0QLGBR0XFtU8TJgMORKPcKvgb38QyG3vYnBWlQTH2-cnX3XPQW9pbfOPKfDZ5N5iefcjvc2NZX4DpcXdQPjvK5EWaJF2XSHw8tDrwuAmnsnGo_r0PZoK9W1789lYvL2P1yB9jMO7y4M5WlvHAVrAweiH_-npVUvM3ZgEQvy3m5FF6bsUmOCSD14rl0uJedpYjQAXpJiRaQQcDqH2do0QdY	images/021-c49bbc02760f.jpg
022	https://lh3.googleusercontent.com/aida-public/AB6AXuBlTsXFmqkOBNMEHrvegxhWcRAUSVmXaAhDAec7tfee9YO2kIyHs5WTky041Rkb7XH53KAD2ZSDW0_MN8u2MH5DPpkQx_Q7HKcaklwWlrwD-rhAUuYBdUvhT2FV49ijIiZMNGKQPOex7J9LcFNIy--Ey5SP5oNN8AhaLy5hMQoe30TyXpmGD8RgJavB4F47Yu5n_1HSF-bWl12Wj1VgB0itRuZnHHfo41wAxG8vctw	images/022-8a067ff5f64b.jpg
023	https://lh3.googleusercontent.com/aida-public/AB6AXuBocJtqIgP6-70TfXJ0IWZut5oUZOR6fDdFN25aL0x4VI2-5J3xEifVCIMZxW72qrXn5Z99GBzVuRGmqFJkPdd9qktX267_R2iaI3hezqn1OzIH9XpC0XmWav14GwW6vlwhbepD3LVQJyR0wUJQJ2XJlkgaDiT9_gYgb05oehY2Pn6RON2qcZ01vJ5qAC2fYGvMqT8uDKKSPCy6HN4gmCfYAFQa-dsAORmi7vKNLlo	images/023-d7313151e546.jpg
024	https://lh3.googleusercontent.com/aida-public/AB6AXuCvSE-dKmgZbJ8Y1tL2842i9Sm0cbEI4xP1wNBEYDO2C8y6vY8VdZtosAW5LbOhMA6Q1zvbXoVbPxI3uVErUWSJvzIuCCcifzEYggHHLaHQMijJTNfh1BX8Esq80J3iiJOBSRb-N9p_U7x68O3HYVQsKhYzMa2iv_q8oNKk18o5_vsbZnrJMCiRvv4uX8tMu0-q9BcZHPF5v-7VAg9fk3G2DwYxr5gcepwHDiOAkB4	images/024-039f77948ced.jpg
025	https://lh3.googleusercontent.com/aida-public/AB6AXuBjodxZ53ZmidRKj_iyYlWdUYNcMEdJC0gmHZ03CGT3ALgwwP5yYCS3z7J5dEBeEEp7PIyRY894UIDsWVOdDeIRMSWDjWCTdj0_qXZfNJ9UxMcEUNAi8kGuVV0soxCUUbBEA5cNllMbYSgzWWTnB5iP0BE0N6OsUxFx3AS3LZ9WF7CBIZRfE2hB_Djyy2gRowe3MmIOJZILwo31hpXu68nh8pT9dA46NZpzKGJdgC8	images/025-1e5db5799a30.jpg
026	https://lh3.googleusercontent.com/aida-public/AB6AXuBGzO2T_je9hPxYY5bcJUKVd6z0BKdlxzTqxpj6v_AEu1zyh5t18fmjk_qvEatE90O0q02KdD3d7rMBYmtAmYHMwYoX-mB8BhDKluIaNZIWl70DlU5Tal47V0RnoRAWJnvjCu5TRSQi4fICRTwKKemOgfJoKeXHLL2aGFAFaTglUDRsIU8wWx2otHdnsyPyOYLboN28HSHQBmuMQ3_QqNCx9fplHjqnzjINma59yio	images/026-b546c7bb3064.jpg
027	https://lh3.googleusercontent.com/aida-public/AB6AXuAfDIQXtiI790K_Ig7isNRv8oWv8f8_gAaov6-Mw7SMnFvrdNCvel4PdcrwxKX0vR7_WaBA8KwXkIg_MJ7oFPKPQga5E64I-oPBKWkb_j1BGSfSPyNrWQjSH972r73siG2bPutzhao6IsaBTmsoEU3jnr6jKp7Z816wWmvryPEdIEiGbDgJejrUSnXgyW0XpI6RQtW8J2Fr8ewKvcPrUjTYu_KP0VJA-jgSWzRkr-0	images/027-c2800fd46b1b.jpg
028	https://lh3.googleusercontent.com/aida-public/AB6AXuDFABJRbk9_s_0KAhtOzzKyaSeVrYaglMtQu9mlkYAysGgr8TqAx7djv-CD5oYZ3Y_3N22-WAp2_PLilpDD_j-tYaDxBfsePjYKbGbg_SWpu8ij7TEPBPiK7ESqm1jSMVoTMsJe3dZJaVZWxYhiy3hebL6aMaoE7Wym5p7rNy-qqYbXfMiMN5bKE5vBA_krl7RQ2a6Gboo2rQOAWdfsM9mcUZsxShkZuvm231RnD8c	images/028-d159b5925cec.jpg
029	https://lh3.googleusercontent.com/aida-public/AB6AXuDlVaGIVzzcJegOVehjfTP-gPbUc34LMCa-o49BI9IfbjpJ0CiCG16HDD3PQmke6xo4jgYWh1v6F3bnb8eUfkfoIEasVdCDNwPbXS40Txenxj13D-sBYxTOs6qWsQO2VoNLLvwUrMlG-xXnpfFoIsi_qfqQ9tZ4Ec0b3E0DyCpgKML8yeZzXTYx1UVv1laYWxT_ay4f_1LN1MU-qwongJQXB4f9I3CvTFL5nFbbwe4	images/029-4ffdfc51b231.jpg
030	https://lh3.googleusercontent.com/aida-public/AB6AXuDpZ1Ebad86eIq34Da0PQoNBlzJ0D4ycaOTj0TldCI6vPvxqhkRquVj0ZTOrihgMfL9Q76XTQgsbrQmk4CDRXhJaAwcovXSQtHhmBL8wKJE4-T-DMPkn2s2oy3FFCRYA8vIUPSPYj0aFNWWUNdS4jPgW_gSpW2rb3zx-OH88NPiCF6VsFgb0x5pUjSvw_49mbK_ZYhF8KFrxoFdctivgMb_iTxM66Sl3pQ7OYkcD6E	images/030-6ebbc4278b08.jpg
031	https://lh3.googleusercontent.com/aida-public/AB6AXuCIocq4V1bkRSeCLspSnhSLn2kaUX_Zp23dQ4xVYrR_F_FLn5W6sEX6Rf3qL4F0x53Y2CVatKVkOOXgceElUDcKprIDeKJBqtpfKAvITRwZrs8W2y0RCNubY4fhgmmNk4tKZJVGIi5To3sZFwYBOv-nxxVa2izvpjMvwsN3j3_EMbqqdAjituTfHgP2HzcT6BSytlUcvQk_xYx_k51QlcgDpS0JfYJQH9oIjuZ0ABM	images/031-c49215905b24.jpg
032	https://lh3.googleusercontent.com/aida-public/AB6AXuAw-Cj7K_hL0JMlmUdr5VipjVpV0A6sN_kZTm2juA0u8fqHXWJywd2VekxKKdvlyK_6f8fWLyGMaCNx4tWJYgdq3mnxGekEA3pI7L71WxToQT9zACot_Px-BrndfAhM5dDJjuUg9uEI5mYcbj_WJ_O40ECAuu-R0Qn7jnmi_49Ge-LFhGKiOL9oB6uMXbY9ms9gY1Zs2GmRAAA11YV_nqXilDS6iILMcNGTixSBHn8	images/032-32ca25692798.jpg
033	https://lh3.googleusercontent.com/aida-public/AB6AXuA1pvQwDw456kYe2Y8VhDO8Cwa5AjfO220wQm4eBOEjvTYQCWu4Qjzp_4lZU0EKQe14ltm4NZGJbif3c7w1W5MXee6UjcgzTtxqsrOZ_j2BY_NZ1Fkyzbli_L3_eo8aUs3BhoyIMKb9PZe4g7VVUiLf5ad7hOGxhRpU3t6nFpr_CFtFQm24wBkJ_0CX6hACTZKi_3tKdq6Cstjd_u7pBcOgQcCB8Ky4Gcg2k1kHMEA	images/033-915091dd8bc1.jpg
034	https://lh3.googleusercontent.com/aida-public/AB6AXuANuxFbaRH1E5M_nW-sIMomkWJ69SrCcba2FWYWdVvD9y9y80Zll3xKpUgQfUyb3YMznKAEi1hFCjxrwUbXGmhfaOwcK4KNPS2Yhojz_j4soQJzn_We1rCDosYAC1oQNH9u9yJb2xMVL-0xE8voFDipc1WFlHZMpfEu4nu0VCbxFSFrsaSeWtS2YqZ7vZlgmcbPGbwltuvXsTLoYAW5iFYm9Q4yRfdz0EaKw8Flpj4	images/034-5ade0b910eb7.jpg
035	https://lh3.googleusercontent.com/aida-public/AB6AXuBrSL9_t5v0heJW6ROe3wNc8jmRaZHj6t1SChRWbVHS4HJpXhM1lXcZopomVVr3ec1EAprsjNAU9xx1grQD8QbrdIUr-QYe8ZAaAdfKLxoFDOtVj39b2w-em6LEEq5fzQB0uZ4guTvA9FMdakctq2mchVJPQKiBiEQXvKTknBISsvG_7BsLV88B0nrmNrY1yJp80hkY8IWxp3m-eSVuEa1gbleHlrae5cFuBPO2tT0	images/035-a70182bfeb49.jpg
036	https://lh3.googleusercontent.com/aida-public/AB6AXuAmoNVfEqV8lZR6_70bc9xUv4Kf_OYEOn2P2wKXAYN4y0PX1jaZb77Jl3UEy7VixSy4mPI7R6z5JHm-6yzGUxn2ZYYwIKrydSVtYTWiDacWdTQITo4L-hmF3eECH7xLMuTDlwBmYJlUQ5jKmWM4dexeGshcoOAZp-nxdBFJSksSNYzWgD75NnmTFg7CxAWyvEZDoOGp5B280f6HPBMBHXmcITWL09AjTIkvg6GFf00	images/036-d0451af9509e.jpg
037	https://lh3.googleusercontent.com/aida-public/AB6AXuAB6dD0rWQcNzQz7sdNb2jvtbHkdgnpUKTCY4ehqCida3FH7HU5ZTWZgdlpRFpPRTewOhTYB9reaAFrOvynkCT20p7GcuKLTzXQuu6FshFnVgAwZU2a6eKxKaumnIBM7Zv3I8BmlwSeBTZ3C2bF6Jyg7T8gy41ctvEkyMmHfu2TgDOMvG8vrR0VHbk779db1bk6rRW8Vmnqzp3ezwRJp06oDWazLY0ERdb6MY0O5CE	images/037-0a3126559e97.jpg
038	https://lh3.googleusercontent.com/aida-public/AB6AXuAnqcqdV5OPmU8e28ThoxHq_8D_Sa-rqAKtdVr0X0Ec7KhNdoZ0xoawczGGNonUG3EPzVW5egjuHB_r5uDkH3Yzp9K7bodEGbrAVTONFPonBPjQStivrU4VwTPYsv2-3gviI75k7CtptkFvMw_Olzosxd0pfdUYDHNH6xG_HiXj_nMH0fSOjkeGsuzU133kLtDkRccelRKxZOfu-08X7MlAiHHZukTTxQJMzKl4tUY	images/038-92121f0ce3b8.jpg
039	https://lh3.googleusercontent.com/aida-public/AB6AXuCaav_cX5iXQ4D7xgmoMFVIrzN-TpEqnVghZlv2bL5Hlq2GWCyretcihei6qk6scgOw-Mp8cnGhaDsLiVqFlbNq3lN7CEBERcrqWZAiEco_rCwXz3qZUcPfyHo6hEHQ7EmgquyFslG9TUIm5c65JoeLNUGUAsDT9QV_jXltfdTUgDJpn3_hOyZ5A1usXluHcxSSItXJN6JM8j4aEb0XJcpx4f8Uxyb4JKm2oAitAw0	images/039-87e8f763c615.jpg
040	https://lh3.googleusercontent.com/aida-public/AB6AXuBzpoGHo_fPSA4P-1nEo1h_Sbr4H8nGASlaxeCCyGa_KzXMTDI_sbRdxzWvwLs2MWonHwNpQlFkS-tgb6vRTa06SRpVpDWZg8l5tHIC5qbtxtRF0dGMw0hWi9BPPiPk_Cyo_DnrV8iLs7wuHzXtZ0qix1H28hcvZ9LID4iuNlOr-aazJIF12NSGezGsqBeGfZjFQ35c_YX7T3YSOGqQfEmLZxiUP5VqcHS2TeSe0T8	images/040-245160faac20.jpg
041	https://lh3.googleusercontent.com/aida-public/AB6AXuBKOMykIwb7uiGgS8IgyjgqPCqMV_J-peTKM-Encu2jFIRH-mUWTF_zOoOvMWCgDTlCqJ7GyT25MreZ50cWoaJ0ddJ60fPVJMFlhB_bTdHxNu8_YPtG48JWXacjJPa4xU4mMwrgWzh90frk_7OVxW_KxH3HrrPFDc4CMuDpoIeqZeEMhyURI85SisLDaxuR0iJ_X9Or2Hua2WJUriPy8Qnnq5xzkigOy3csCLgFWjU	images/041-b56a4f115e88.jpg
042	https://lh3.googleusercontent.com/aida-public/AB6AXuAoA_8S3047CnLpDoe6ws5ZSz30q6icwoLMQsezgHZtwEmopLZBiwEbXskKWDOIcJ0B1qosdN63VW07AwWw2lN8MGxN6lK1U-9QMpBzDb7Geq2V-5dp3rR4Pz3ttI3pgbxymjeomuBQOfUoezMXF7ALAsm3dNY8lbAWzVv_O9f7ngEvSl463WE8-dSvtwa5Ss8lYpMheP0m5atdZLzOKpjg6BaXGW9yu4bvUAIWk-s	images/042-dc0ead594215.jpg
043	https://lh3.googleusercontent.com/aida-public/AB6AXuDcpLe4tO0kVq6Bo5XE_Djr1yTn7NGwvYz64k7YlBbUf3TplokNABcq5WJnnjQY8EaGHLlCXJhtTgPQ-DWB82kKRdEi7ncYOQLPB1hDEiYeXLka9GyYtf048ckK_R6dZaJNrH4y2yWeMhTwHHFsWKgEzuNL2CCqFS4fBmNVs1ANL0RISm-vKxp_S5DJNAKrBsn_QDWT0AXk-x9-Zg69aa1t1hl4NFY7aaJhI7wJxD0	images/043-0c86b532f218.jpg
044	https://lh3.googleusercontent.com/aida-public/AB6AXuAuz1wrN0XLoH6VTVXJnz7ZRP2J5vg8CvTT85ndm8HmEO2YKltOcv6R5symgBEUoXfaNiThEym0zcZgj9X9IzRt3eSrafsqQ4sHvV5CK8ohXLXqnLvLc3W97C1wH9DVcpKk8R0ojrBKs9tM9ZJcSVmveAzk2OysQqp-3lL1A2_JDYDMVlTHFaB5X7QGBLwcoKdt_ACSG4nFfcJxTZaFwcfgSfYYFki1gWXpXDb3kpU	images/044-dcd2a89b2c83.jpg
045	https://lh3.googleusercontent.com/aida-public/AB6AXuAyIxYTwZNsJgAML6Y1S4xlKY9x1yGnCp8qlTw81RB9yCoXdwYCqUHuygJ-OW3SlQswWvkxkxsIvlBHWRfFwTBbJtkM2ZEyy-uD3Mnz576ZH_gd0scNotD8BZOy76fCIMJYw0xcfC_L9PtOAgX9679-VvlMiDZVYLQ0zm9A-C-X-2lmin-S_Iu9Tf9LAGU29hz42_a2f2B8tXh4cw_zKlHA1McafIlBS-N6MKek5Uo	images/045-f38d0554a0b1.jpg
046	https://lh3.googleusercontent.com/aida-public/AB6AXuDHY_qnz94_RZ52OrEVA3JJWXe8a_toDYbHt7_Z2GqsPTlDnjkqZA8qCLfDHGaqF2iLM5CidpSon6NTH3dDcetf1oIYqm-etxCYF3yOl7IQN1YTbB6X6h5u4W7ZwHhnzxGeBH2MoqacwBUR88kZ6gB640CNH0wzFgykPcjYy1XlkOfw06ffb4wakZAHeL6Tp2OpPR9YDyq7mlGHXEAwZtbEFptdgKaZ5vzUFoW7I20	images/046-8f920124af92.jpg
047	https://lh3.googleusercontent.com/aida-public/AB6AXuDuk-52a8OtLJgwSMIksHvdQ2PQ3koTicHZidtC1h0vEA6xd2N1en9_ReUamsSCV-FTiH5O8GfuEydNaj7QXTWQcjYLNXuS2UikB5NjR_MGknuvEK6npYz5HwMZBmNHwOiIjkHFpY5YQ-bt4GCjgUZVQ88gAGe5lY8IuThRbAfklc5flrMgaF_vZrIbUI0tS9iA0ATZfU3d1mARb3rXMY-ECjkWSsP0HeqquHKweEo	images/047-f8adf605b446.jpg
048	https://lh3.googleusercontent.com/aida-public/AB6AXuALEd2GlBBXEv8gLqQMBoSmNlhxma1CX4fmWstG9fpGNpvPW2iNtVxXL1MoFnWxGLxKIotxwuPsXR3O5HSOWNTkXLwj9D3MZ-mV1c4GeaLSxqFpKEmNuSgicPrpLBQrmpZD-KtTGCBz80S-fOpAOJcCO6NrkDdQ22F2H74VN6R7CK8jMhYznDK4zXiG6zWOLK-T-xKNg6Um8zNoB9EG9TOPyULCdGphDCsANV4zC3s	images/048-25fedde81272.jpg
049	https://lh3.googleusercontent.com/aida-public/AB6AXuBJAaf9sOZLtkOFilKmvCKs5iKJ8uoecoFbkdihi6y_4c0eLFqCPOkdMTcdUaR9L99MWPGyMpysUR9JolwfxLsPeL1n-RgIn8P6PXL695Xb5KfnRWp8ZeDWvOZ8VENwqi0rVxd7mJnXCeOpNhoGh-qr4ep3pfu14pvY5Wfx363Hw-r7UyU00ynBdxcigS2r0dhLE0gGCeWVZYZ95TLgHVggeiS_kSAlpUoiIfkDl_8	images/049-5633f0c0ec17.jpg
050	https://lh3.googleusercontent.com/aida-public/AB6AXuD1LLIq-ucHxJeJtcSXWQN4euG6Pv5Nl1duSt8vMZDL3cHy9S3mRqKd84lPFDMNMi581v_fNKBwB_GEln0o0XZYnXpX3VH4eJACiAxDwGJxBJK8CFo03B4-1W5RZdX1Z6jUZxJ7JGVao1B55PDzOfVV0gl8CuVl-Cmm36DOm1q7m6qaMp1aO5kHkaFOajJZSm-d1cpIRLM_px_h_jCExXUVRafNva-xNCP2HjmRda4	images/050-857a76e5c7aa.jpg
051	https://lh3.googleusercontent.com/aida-public/AB6AXuB5mSo1Oh-eDqqQ7IS3Ndm0opXpYmCjrwdonw7Hh-15okTB5Dhgps0R24rqNVArjlEb_vA5VKPvA1B-TypH2c_eycIasnZLfm765k6t5uZHV0VlwYpH92pj5HZVP9p7SvnhNvOR5lrjB_lM6UHWG91VnZ552qTcOuLx1rsndRAWACFHFD15f3nUx5NsyDgFwGvYFHyz0PQN2AVIgfkx4fmi3Ls--__BhdNJeM7SSbM	images/051-e99a4732576d.jpg
052	https://lh3.googleusercontent.com/aida-public/AB6AXuA0Wt2ASJlA6cUsVsCtJGwEKMtQyM-owdLA2luHYDtPMqFItOq3amjAAbsJY0KXzvQGMLkh17cCiNF4jbhuQnmQy4xcUwEwWgn75AL5Xu1TOstbKNMBejEjKiksu52ylTKIhhCoQSl2uk-yFWEFHWdf6kXXof1qaExUOH22fdVBWCVl9hV13CiFE1B4dRukjpHNmdOJYpt0iGaXJ7uQKQyV7OovMn4oSQDvf2ZADEc	images/052-b2061c3a7f4b.jpg
053	https://lh3.googleusercontent.com/aida-public/AB6AXuBgRFYR5Uk2DXBu8QEibPt6CYF72oGmnDu-1fSMoxKKQhvcSPatstkXecCdNDDmMrOhdNVREQzjgmqtrUnumE-3oP2fPD0KegBCikv32Ua9WTbtt-l5C1r9OxhbybL2DH5soq1ccepLAbFKjXXgAOhz8zxSiS5Jb26YC0_XUHbokNMFclvXTZMPvrYz3QbLyb6Orv81OcqK4EkKT1eXhxLNAhRh3kABwOvVIfIMquE	images/053-21e22fdbc506.jpg
054	https://lh3.googleusercontent.com/aida-public/AB6AXuD0xIy7Hd-_aSJUwWRTs1cdnj1z88fLLIt-TALH1sG2WFTrS51n_mPzfqAdvizxAmNA9kmA9ecbND9waj8NfNKtDrfSa652LMBCE0BKWmz6GVKc6jka7bcHwZbkXNVLWYTZYa3IYBca7LIa5qfCWKY6RrQUxUqr-ogI46mI6uXMi3t7L8SkZ2_HMgZIdDHhBCvGeRo7lrLkfiHVaanYkt2Bpc1Yrw6sLGMIXlmpq30	images/054-d52774d1fdba.jpg
055	https://lh3.googleusercontent.com/aida-public/AB6AXuDQLeGu_QLgIPn6XVHSPjJn4swq8t2uUJ4l_HZY5H_e08egZRfPLYJ02EuEJndF04_j6WOCzxR2qlCXWRI7Ej9I0_MjH9igmW8zVcBVmcYgr_T45L5StWbOQobrBag3jC4ty6Lum65tDDD8jAbfq456ImWLvn8pTl0Z5t3chrzudivEKbVVVXdQqgBdzW5TeeHjsrOK6Ad4AzlgA_vFhp6CGwX861mnSnDIM2JZNKQ	images/055-337606625aff.jpg
056	https://lh3.googleusercontent.com/aida-public/AB6AXuA_cyhRLbqp8agyGuyrEY3PzdzfQ2ysdcjQ6NfKjiAxUljfjn6ZcGt3pztTvYUIAgRI80aIBkFAOwD6nEm6ROg6DAYNFHP3nJFJhyuli9RKvbC4NWexrQ33vnlmhF2E_poXD2iqNM4zVx9l5A8gT3S5hyqR29AJ-2URwXQiA4pnATy7HCEU0BtV8wX1NlV3NW5X6IK4L_2LyYCLlAH9vmMtovxGK-XwrnBxi2z7IW4	images/056-25544873b57a.jpg
057	https://lh3.googleusercontent.com/aida-public/AB6AXuCDKmK9zzKT7MHijIwcOlw-i53k-tL463TY1zP1GdaxPN_bOLQ-6XD4RrrPyi4Gw6c02gGvFid1VwS5rIBMv8NiTSKkY1t60vKA7uZDfLRm3mfm7X_JpEEGHSM21--d-j9g81WzMaM0SGGAHQXL6r7duYIluKen8EP70H9tE0e4TLut1BEmOm_rCt2nC9qMU5pjIyXyyKbkJV0ZbtsA9y5iNQF0ChHvRfa54LX0gJ0	images/057-60b8c5f890b8.jpg
058	https://lh3.googleusercontent.com/aida-public/AB6AXuCK9FyLwsly0tJJBmDXOKDKk8fL8YqzspgGpMbknEjDLqsLkY_VcDd72_2wX7BVHu2guxfUA6ObhGEs2m11pIZxA5WF4fjk5JaZegoPo_eY8OaIpnHtcf0gPIKymEfEI3rANki714yD1XXXkQ7dyUXvA1rBVizCJpLgOnbhqHuhQ5ya3tZJ_RhfNZe2kRRZPd_Iov9octwtmDSsMUDZ8rFxY1aux9KOwUdoJS3_c-Y	images/058-e040dd773fbf.jpg
059	https://lh3.googleusercontent.com/aida-public/AB6AXuDJus7P6ncwmawcTTrZn_GRXL6siebrxYEotnudd8Lp4Qmb7WKNBndb6dg0W2exJJAJPNKJo8IUbVBqtLaZGLTjDBXAjn4jZZVuNGGbf4rSS99H2gpDaAbMfMcQhSWsDPWb1Ve0M-u1A4ecUPt9JxSI-4ejtJoMh3iPdJ3AF0UxACr6b_fWtXcxXHWS3u2OLKpCKprIMwIoXgAS7NH4_dgcloMKPmW19-p_aVeZpy8	images/059-a3ab792d880e.jpg
060	https://lh3.googleusercontent.com/aida-public/AB6AXuAaYpFJBNxbX8duWNVJhjHkqwdNCzwoWxtJOklvKbKQzsqFcPYfZaQm7DjEUO2rtP6-eknmo99FCu41b6mEfZb99T2HV-y-Q1KBKB3d34ruLQZWenZRLvM0L-5lkvEIxOxEKOt3SdJLHOd9MGEGweKDYwwxWoN1sEw2PdOQmeP4YJgaJWC-Nh3Kdw5NScSrZn-crmSxDouUOcvBT73nzA18GVKBBYM79CPkikdH-Ck	images/060-622f180f9ad6.jpg
061	https://lh3.googleusercontent.com/aida-public/AB6AXuBKsh_HcWQAL7ljUGJVD4t0KI9rweVQpyAORvhpiK9jpOT1Bi-T8CIwcNHGop044H8MbVbzrG7qZRx9axix6ucizmbCxK5EYSLXM36lzm9PrGF3Bc87Se2_69vVctLsmfgiriGvcEIKNIZ2BvwrEJZMknZFeE04Yx4lvzdO5YIK6JdNeQuEQAvmDeLTSiaMzPdx1B6v4H-VtvAO2bQ_UB3mpNdUvKZJKV3idW_aKLk	images/061-8f911a83cfa8.jpg
062	https://lh3.googleusercontent.com/aida-public/AB6AXuDRmUHQILYJ4XtImZwAWUc6d_NOfuuxJKEaGnVK9dda2L-V3zcbTsWQofDnefjBD-rXQlQIZmG9B9f9vY2tEipREw6IN4g9AlJHoPud1Aq-9I50WrT24HtRNf4HS29c5d2ZS-K66QlTRQPq49VQRqPuWyhOOrzfHnRbsl-j2ze4PrSoCAh8wtrH4pngz1EPBMNX8g6-GlJNNTGdtLLS-WuH6IniXgyOb9apDB38-l8	images/062-67191e3db204.jpg
063	https://lh3.googleusercontent.com/aida-public/AB6AXuCeWtIofJYLsukp42gW8eg-LoiIu6QYAw-WQQ1nnWp1SXc2QXGmIvT9Q9WeCrQtKDuIjupqGKGF51kKisH7u5FmV7SVzvEoc5COMa3CEW2OkZtHeHOecAl_eb3XbRk8W0E0Q41q_noGMwRwofuJkJPbpvnIo8JpCXDfkOQQfFytZIenK80u8va1-IKWOG2_eLovH5DxuecdF4rp3-Wy0FvG4l4IFjzWuxZjWkbhaV8	images/063-651385f5f845.jpg
064	https://lh3.googleusercontent.com/aida-public/AB6AXuC5Ps518xwu58owqqKVnM4a3qXYe4WBVv4seKiwpRy1H2x55O14IoDmYygto0UCcp6Bd24VuGUvuC3ePA6Y6Wd5ZbARG-VjdGrEcEVnygXjA6gMTUQ8h60io2t6ZU2tzFb4mMNyCe6Pwl0GfpXBFa0sylD6mfrZtt0-nC7bifl8B38FfuKKwKP_w9qyS1rWdwsp-3fu9dLwj6N703dchdV3jiSbTLtIOt0Q_bbTLCE	images/064-759c3eb59ad1.jpg
065	https://lh3.googleusercontent.com/aida-public/AB6AXuCy2zGRCQnx9Hizm-GYt2j71c5mk6Uy-DzIat28_8roiyK2N9B6tvK0VoJCzxpAwQxpKnwjIE56Yleyo5d7KH2aM5UssUXZTIK_b_yCozY3Q9dOTY8QVmfzQTBJod8JEg1XSg2-kW035qw-uPdUB3ZojAF5mWaWLP9r4ruRXiFd_MDLSVvttgRq-W-DdQu6Kn2UKV2kxv2nypssk3uftRQnKgz5v9lWtSflqm8pfTw	images/065-50891dbe302f.jpg
066	https://lh3.googleusercontent.com/aida-public/AB6AXuCCK9iUpqeaZMMf23ae0LHdgdO-Y7i38gIHZXf6h1l9KjegvSg8GXcU3seFX3Zyaa-5YatdTBQG4fZf1rMoOgEtSkBVBmMtMi0s-AY9q5kG_5d1OImRGMj7axIgMO2yFBpn88V83sWeUzmIh8lXC5V6MoTO_w7UFedzwiNT9FEtimc52WHuYDRECse_lZBDhEZYDvOsAFIOUPQjA9e05hzJUDoXeoC1ddm0o1caSs8	images/066-7359c4569383.jpg
067	https://lh3.googleusercontent.com/aida-public/AB6AXuBd5hdQYpXYalp7qZCh7hRT2wR99aHqI18AuBUmSoMYq46Nq9swNx_lbceYpn4MVnkGr_tcBVY5DxLjJDoUYqSm7-t4VeGj0T1kEgDTbq7oIuYEBc7Njor_MGIEg1X5kI-z_18_Y-DP5xTdK9NE4LHE5SVUo0tjXb-unFEBi11d-GqvByl5SUlNC6L_Gs-e2Znd_76ZQr6nsdZsO4josrt6Y1FszpFedSLHhFU7ML4	images/067-21934d3fa999.jpg
068	https://lh3.googleusercontent.com/aida-public/AB6AXuAcn-wlZqA46o7OSEv0SbBA6XlrDNbyTxoip-xkuajVl1EaSjqi5wCP_JOEM6503DnEeGn225zv1HBRb7p01HkGQZ2wILpuzVQrj3YrZ-BqMLkKN53NzJncOuttsVkayv4MiGZGJ8H-HcO_Jn9CzGM9bAuuSstvtBN-zoJE2_jd-AyLmKWqhBl5qysW1sZpGzNMm9BL0PyETMJrG0n8gIJteiae7kTsjpWJ_8IBGHc	images/068-60efb938f55f.jpg
069	https://lh3.googleusercontent.com/aida-public/AB6AXuBx0lMnHqKu1ely3_nY_KHpF5bELoWUEnQ7_hcVTtrSYFtXrR3DnNROhpYQ_ge7LMsiwGVxEvcDSmhrqhBgRfNS1hK_622F2Vc7j_C2Y9uraOWSqDM3Z1MriGofRGm6Rx6aKqSJ7i_hcPBXYELEKYZiqOZKXfG6Dv_K6ukG24Ioa57FJMagLGPONtOevtM4VaveNpK3bK83yz4Mn11aRsuKzorQScHiD5twYqSeGg4	images/069-b2bccfdcb394.jpg
070	https://lh3.googleusercontent.com/aida-public/AB6AXuDR7aT_0lSsDN4YKLJgwg5nleHhNNamaXHI9yZ296nt64xR1oI_DrH32Www6LJFDHb0SQlI7KcQhC0DO8gEYHqOr0RHwRroUkVmDc_tyVo84ozPgspT03_ugcUQWSe0c9zTcpiQTlTZy8B9rtV_iRplBOM3JH1q91mumES7iIFgCYpJbZFBD9_E1B-NZeTXz1WYAWVroOWiPU3VfOC_VeKrbFZZsr8Z44_3bPsCPeA	images/070-1817b7332870.jpg
071	https://lh3.googleusercontent.com/aida-public/AB6AXuCkfnuTGpALNgFUp_RkdOa_aYwiqkGO2AA-MfnZVZokhokd5dkimruEDQlRIRW-iK8FXHXbnntAUbCg2Dz7UqE_s25KWX0w1QoB8A6c0Ogb5rc5Lth51gMjuM2ZYJTTlV8tJqEmSDAcPkukTFlCjHtOwVSXAU83FC2qroj7xcmhYa2R-l2d_VKs-OX7PkExtLxw-HN2h9v_Cm14icnFb0skZQj3uTr4JjjmN-p7eO0	images/071-24121a8d225c.jpg
072	https://lh3.googleusercontent.com/aida-public/AB6AXuB7oGjlP5GwWsLhaAubWvevJaU9NUos1aRe_oOjBWgmM260KevJqDoVIlfM9b3zcRfYhVuy7fkRMG7yeQJmAT9Gkm63fg3iULUZc19uRw7ytTdrHdajSTxorNXh4i93-_M_xSvkVIMvxNvQsJmBwfNQFPIe1n0nr0BusotdiQBqYd0uE2LdI6ICYU1prNOj3PklMWBItPW_OJG2NEHAk8_VbYBSERXZ2HBEDH2fJcg	images/072-b90cdcafddc3.jpg
073	https://lh3.googleusercontent.com/aida-public/AB6AXuBmii74QQCREi27IsR8ax4yLXtK2TCLnaqm2z61JraqI6S_01pFWLHt54R2aS13_rWWXwMG_f0VcisqTz0OFiLb8RVe8IWLDUEBzo_CaXToXTCMNvQAFqBzEU_Xa5EFAgjSOio2KOCL9Q9lD2-VPz8_G7XGsZSWBpp3gcsVPpAUzmPIchOnZV4drrzje4TuW_GcX3Bx7QqnGQOANZ40ltuoHWpMtg_N8-pujLb9cYc	images/073-650fd09e1445.jpg
074	https://lh3.googleusercontent.com/aida-public/AB6AXuBcWNEUZ-3brHHiYlBafDoN0vmXC-AljKqQOaS_D7md5RQ9fRxwTOztgMK2UlAp5S1qk_wB2z2srynntnfa9mPdIMr_c9aYtKixWcE430R9Wg2PZWsXVGKis83Vit0t4AHpDNA08PezAXoKLHWU4YuG7kokPOKL2SjIfBVeK9Gq1Q_0JzvPJWegfFc71jHjQ3jH4rzbv3XI1qgaHPFmJ6S9ceojMkSZlBG5gD-Hvuc	images/074-4634d017a31b.jpg
075	https://lh3.googleusercontent.com/aida-public/AB6AXuDd7y_qVfJDSqIojv00uVSIWXxW8Zap4PQFu1Oc20mx-gqV7n5au0y45meq6S-KkDrMldALG_06jwS8Ti2fN8tcGig-4DBuH9omUQFnSxHTeD-C8z99xiuThK9hPIMdHAFichOq5fHjolKALPOpJKtGWaXP1q-VJ8B3mP7x9RG3zGTeg68hjZ9zqnUfFe7klgdiQXju9bx5imGyYxgbbw9nRBWZZ07pT1OZljAKTEY	images/075-02e81760d99d.jpg
076	https://lh3.googleusercontent.com/aida-public/AB6AXuAJPCBaoH-71fgrvW7p5hvl2dfRWZ0Ey8PYtxnqxJiirF2qekdq3h_m91hwO7dbNMgKGP-hQ123qUxK_enCQBr-L7HQDta2KNOx25o02OXd78vb2RKfRU-ewcenh6RNKFzjX3KZs1ZTSGfON164wgG4OfL2w7Zq84DBwzLBan9oubbQd8Bm2qy3r9McHuX1TIX_6lhPOVAv5I1HMFF2uk-pDkCZ4Sq-dGMtjddXPbs	images/076-dfcc89d238e2.jpg
077	https://lh3.googleusercontent.com/aida-public/AB6AXuDu1yS_Z1rjZ7y6BKr8PNuTwgodGbQGQ71gRXsvwyz1lufNeEZvlGpCIC00-u__jscT1H2ddQ6bVDk_zdMpWBtqq_F6kXA9UITiaFc1iKOJZD7-Y9jCsmWzvnz_fqTA0yxPRtYuT3yagQE13tr0VJI3D6xfA0ROa0HNWpwswNeXm2irQGtDzssjRZpS2U-pw14Ke_DwPSynTVlcrHUPp7-i-OOoY0qiHBINCOTrikw	images/077-2b13bea06e34.jpg
078	https://lh3.googleusercontent.com/aida-public/AB6AXuDtzmC_59A3YSmg5qbZn_3OgsNB9W-dvbcK7IFixJEOwHYzVEcVyvMWq2R5NPJwV3pCkBFYOxMm_ZbXqK_merGStgtv5JAqgtgRt7DqDXPwbNFLfuY0vOWR7dVc0IcKGaiUT9nUDyE3gheom4HuRgNGBLAh-GAhL68tQjIexb6nag6Z1aC5ap8Eg3kHFjpSmGQReyA_Ai5mCNV5kQICuH44_oi4YaRnyFUBmzwIZrA	images/078-30886fb8afbb.jpg
079	https://lh3.googleusercontent.com/aida-public/AB6AXuBXAYxtDDRqOrVSiH_x4bQTnigasczYzhg8Aqoo6iOJyDyrQPgEDsmuVLwFvddo8Q3txpJGmddiON7lBjQUKJSn6RZjPcl2lUhhb1HpLhq_eQyZtlTIckhbn6IfQbnZaOrGMvU5LWhXwm0hrAFw71aAVE2-eoAHj73MufWJcLOEpjmp73zyIzJ26-n8TMMrUbxi3kvyklBwNeQ0NxMFy1pboSS7x3E-Sj8ONlPIm5s	images/079-1ab6f8d01e1a.jpg
080	https://lh3.googleusercontent.com/aida-public/AB6AXuDeMAC6XCeOzTO9Fa8XqzD4JIoBgffokKOCewmpTzSDGDURnjpvPpJEfDrLDTvI1CVx41O9VYzzJStQ28a-qwPyJrpk2Gd1gS1ciPMlgytxYGuKN8eJQFPBkdH9bGE1N_TiFJS9YiA_awXdGu1eOO-NtvvutAX8-xXxlEry4WaFlKsI1AcdZlfqH7f979x7PHM9aLP4af51lZEDKMDAPLeh95o1WJ-5VkrV9roj3WQ	images/080-b018bc2b9291.jpg
081	https://lh3.googleusercontent.com/aida-public/AB6AXuAIyeo8YpMZy6tXbuwGDRA6IMk3ozZgkeaN0M7KA6Dm1-9grtgrp_dN7W4BAJoFzHQv8LrFzY9TT9ySAKqRhUdbpkj0wWlYkJUV2piYrpRxUhPZokIqh6FnOLGxW6w7gpb8Wa6p50FsbBnrL-YfINfvF6h0j2fr30ZtBN4oFBjgrNdnHTBl0I99VAQK8xDQ7qigd935GvRi1ft3C1oHQmh11NHXkQ0Pmdw3Sfi3N9E	images/081-02da4b046771.jpg
082	https://lh3.googleusercontent.com/aida-public/AB6AXuCTbLDIgNaWMFcYsvmKQxFuA0cvIAVECuJUv75biKLSppMCcLSF7TUoaiD_vvtXhRc_-kLAIRhpm4TjFVfEq-kGw8Mu72KX0rcQUrrveHeSmfRSgqCYvB_-draYgudKkKzzKgzNs_VFCZ2i9jth1allSYhlrMmhH6mOTOsucKLvH7aAN8OlmZGHE7qvGbM2vBH-8Jai8m0RYWWukUzKNYymPfhoqIpbnhd1tG-8cEs	images/082-ca20261b6877.jpg
083	https://lh3.googleusercontent.com/aida-public/AB6AXuBI2MKlJi0HldaWZeUUbOYgnZYB4zXVFnYWeDYrKcQexFW8RJ9qMUp3jBERz0qjv9T0ye_EmSaAXvyEZlKNTsVWPqSmU09aVdbE_ZUZW3HeSBZCkIX97TjhVVD_23WOnATcZSyEcdq1MtN_bXGrK17kLQov9u8deHDzQu5RphEFKJ6Iz9dcQSjPukjsFR8pl1i3VT_vGbbzLToR5ovEuJPQt7woELPYT2GaeZG8jOI	images/083-0efed1ef0d64.jpg
084	https://lh3.googleusercontent.com/aida-public/AB6AXuBMRA55cM-laZA-WmJl7yLtPr27G5vSVJFm7Uriwm6dG0gtYEphUuM5eah0PNiT6DFFi6w_4q1HIq0NOnarS2DXfQgIc6GkSF2vEW4sErqOXisM146P8-IM0z7Ov8qxsM0fOpQuYoHELY_jf8oOPst1Lyc_Ged5jxJoRgqf-EbYe-MEjVO77hP1rS2QL9yuof6_0olFE_0kXD5T-QCJ6354vPXsCmglvzurQEu7Ass	images/084-d6fbc56855cf.jpg
085	https://lh3.googleusercontent.com/aida-public/AB6AXuDaQ4JPbzpY5ewcuFpdxKqbw2cSGfhGMFMbbEAcGEy_kM9bhieAmdWzIsW4Uz339crYz5U7hk0PeCoCIQuwyAm0cAl77EnszLSIGUW5K41P_4eOnmNk3qt-qeeL3vj08H59YBiG1d3scgc5nFEllpuvQ5sBtpxrU2t3vUKKaFuBcYfg9Pbh_Xaxva0BpTGy2GVPO1yTlqtbANvbO4Ok1VcjCFMlUs1Xi0g99VzGdks	images/085-9455f79b808d.jpg
086	https://lh3.googleusercontent.com/aida-public/AB6AXuB6b9qdVFifxFPbaKzS97PhoTy7GaZG8GV6C8By0ZhcE-yxZGGS_LfpOcg9L4yZtydKU5D0hqcUFbZ-rsp6zyH9QPmgrGbhb3054LUClX78SaNz9B8foe5bKRaUnisDj-2HIOmEQsGbFQzJsraugjV9GFKh2O9GuYs3QpPH4cjQf99eatKLJEAp8vJoDW0P5Qzrg3_OFCuC1jB9TqZpbJI9jBQvm6qCeHKkw27Fyq4	images/086-d0fa5bbbb846.jpg
087	https://lh3.googleusercontent.com/aida-public/AB6AXuDlwTYQZ99l19YDwDI6eJjBdtwHBAuDkAPDPACiPe0QupR_74Md1iNmaJZM76-wiYStqzr_zziyomVUskeXzIhed3zMQVaD7G-8tgLQEsRPiaoigy76SAlvrSpZozHBuYS1Cs1WFNRIZXDeO1q11n0StN5KxCkIM2j_I9aEBEZR5_XOcxaf2KK932J-aE8W41IFT7hpgJqU2CCtvl39QOBVq9kaCXgQLYr3YYQa-YY	images/087-226cf44fc108.jpg
088	https://lh3.googleusercontent.com/aida-public/AB6AXuDKkXgtanYa2vLckB7IZbr9ZRYmYno2a2dr2UG-wb8Hit_qzT5GH0n_VLlTvEG8j1X8VQL6VGnuhePGv5QD-u72qfJQ_YCaX_g0RMUB9eTFLsBcWX3SjwBGAd8LexUO2rXb6YNhbWofHdCh9ISGtra0gwytGqOuL-7_EKIQWJalr4xvdrDrSL_8R8cy7ltNSGURMFkT1-gdAfmKdRwgpXE7dm8Wj7MZ8llXm9oL0xY	images/088-b13009eb5ef2.jpg
